,Popular_Names
0,Lola
1,Rocky
2,Sadie
3,Toby
4,Maggie
5,Duke
6,Sophie
7,Bear
8,Chloe
9,Tucker
10,Bailey
11,Oliver
12,Luna
13,Jake
14,Lily
15,Bentley
16,Roxy
17,Teddy
18,Zoey
19,Riley
20,Stella
21,Milo
22,Penny
23,Bailey
24,Coco
25,Buster
26,Gracie
27,Dexter
28,Zoe
29,Leo
30,Abbie
31,Winston
32,Ginger
33,Murphy
34,Ruby
35,Louie
36,Mia
37,Zeus
38,Sasha
39,Lucky
40,Lilly
41,Oscar
42,Rosie
43,Cody
44,Ellie
45,Harley
46,Nala
47,Jackson
48,Emma
49,Henry
50,Pepper
51,Baxter
52,Piper
53,Gus
54,Lulu
55,Jax
56,Lady
57,Sam
58,Annie
59,Sammy
60,Layla
61,Bandit
62,Riley
63,Bruno
64,Princess
65,Gizmo
66,Lexi
67,Diesel
68,Maya
69,Marley
70,Maddie
71,Ollie
72,Dixie
73,Jasper
74,Olive
75,Roscoe
76,Izzy
77,Beau
78,Roxie
79,Hank
80,Belle
81,Rusty
82,Angel
83,Shadow
84,Callie
85,Brody
86,Ella
87,Rocco
88,Cookie
89,Blue
90,Missie
91,Scout
92,Honey
93,Moose
94,Millie
95,Rex
96,Kona
97,Otis
98,Marley
99,Loki
100,Holly
101,George
102,Sandy
103,Finn
104,Shelby
105,Romeo
106,Dakota
107,Bo
108,Harley
109,Simba
110,Phoebe
111,Tyson
112,Scout
113,Apollo
114,Charlie
115,Boomer
116,Minnie
117,Tank
118,Callie
119,Hunter
120,Willow
121,Ziggy
122,Jasmine
123,Ace
124,Sugar
125,Joey
126,Athena
127,Thor
128,Winnie
129,Luke
130,Hazel
131,Peanut
132,Trixie
133,Samson
134,Mocha
135,Gunner
136,Josie
137,Chance
138,Peanut
139,Rufus
140,Sydney
141,Rudy
142,Katie
143,Oreo
144,Macy
145,Koda
146,Cleo
147,Prince
148,Fiona
149,Sparky
150,Shadow
151,Frankie
152,Baby
153,Benny
154,Allie
155,Chico
156,Hannah
157,Brutus
158,Mimi
159,Copper
160,Cocoa
161,Coco
162,Lacey
163,Chase
164,Bonnie
165,Chester
166,Madison
167,Kobe
168,Grace
169,Brady
170,Penelope
171,Cash
172,Delilah
173,Bubba
174,Nina
175,Bruce
176,Heidi
177,Ranger
178,Gigi
179,Maverick
180,Sally
181,Mickey
182,Lucky
183,Mac
184,Ava
185,Benji
186,Sassy
187,Scooter
188,Oreo
189,Chewy
190,Nikki
191,Bella
192,Tigger
193,Chloe
194,Shadow
195,Luna
196,Oreo
197,Oliver
198,Kitty
199,Lucy
200,Molly
201,Jasper
202,Smokey
203,Gizmo
204,Simba
205,Tiger
206,Charlie
207,Angel
208,Jack
209,Lily
210,Peanut
211,Toby
212,Baby
213,Loki
214,Midnight
215,Milo
216,Princess
217,Sophie
218,Harley
219,Max
220,Missy
221,Rocky
222,Zoe
223,CoCo
224,Misty
225,Nala
226,Oscar
227,Pepper
228,Sasha
229,Buddy
230,Pumpkin
231,Kiki
232,mittens
233,bailey
234,Callie
235,Lucky
236,Patches
237,Simon
238,Garfield
239,George
240,Maggie
241,Sammy
242,Sebastian
243,Boots
244,Cali
245,Felix
246,Lilly
247,Phoebe
248,Sassy
249,tucker
250,bandit
251,Dexter
252,Fiona
253,Jake
254,Precious
255,Romeo
256,Snickers
257,Socks
258,Daisy
259,Gracie
260,Lola
261,Sadie
262,sox
263,Casper
264,Fluffy
265,Marley
266,minnie
267,Sweetie
268,Ziggy
269,Belle
270,Blackie
271,Chester
272,Frankie
273,Ginger
274,Muffin
275,Murphy
276,Rusty
277,Scooter
278,BatMan
279,boo
280,Cleo
281,Izzy
282,Jasmine
283,MIMI
284,SUGAR
285,cupcake
286,Dusty
287,Leo
288,Noodle
289,Panda
290,Peaches
291,Bella
292,Tigger
293,Chloe
294,Shadow
295,Luna
296,Oreo
297,Oliver
298,Kitty
299,Lucy
300,Molly
301,Jasper
302,Smokey
303,Gizmo
304,Simba
305,Tiger
306,Charlie
307,Angel
308,Jack
309,Lily
310,Peanut
311,Toby
312,Baby
313,Loki
314,Midnight
315,Milo
316,Princess
317,Sophie
318,Harley
319,Max
320,Missy
321,Rocky
322,Zoe
323,CoCo
324,Misty
325,Nala
326,Oscar
327,Pepper
328,Sasha
329,Buddy
330,Pumpkin
331,Kiki
332,mittens
333,bailey
334,Callie
335,Lucky
336,Patches
337,Simon
338,Garfield
339,George
340,Maggie
341,Sammy
342,Sebastian
343,Boots
344,Cali
345,Felix
346,Lilly
347,Phoebe
348,Sassy
349,tucker
350,bandit
351,Dexter
352,Fiona
353,Jake
354,Precious
355,Romeo
356,Snickers
357,Socks
358,Daisy
359,Gracie
360,Lola
361,Sadie
362,sox
363,Casper
364,Fluffy
365,Marley
366,minnie
367,Sweetie
368,Ziggy
369,Belle
370,Blackie
371,Chester
372,Frankie
373,Ginger
374,Muffin
375,Murphy
376,Rusty
377,Scooter
378,BatMan
379,boo
380,Cleo
381,Izzy
382,Jasmine
383,MIMI
384,SUGAR
385,cupcake
386,Dusty
387,Leo
388,Noodle
389,Panda
390,Peaches
391,Salem
392,Spike
393,Zeus
394,Zoey
395,Blue
396,Buster
397,Elvis
398,Magic
399,Monkey
400,Ollie
401,Sam
402,Samantha
403,Sheba
404,Snowy
405,Stella
406,Whiskers
407,Willow
408,Yuki
409,Bob
410,BooBoo
411,Butters
412,Cosmo
413,Cuddles
414,Eli
415,Ella
416,Emma
417,gypsy
418,Jax
419,Jinx
420,Joey
421,Junior
422,Louie
423,Mia
424,mocha
425,pinky
426,Riley
427,Sami
428,sissy
429,Sonny
430,Sunshine
431,Teddy
432,Thomas
433,Abby
434,Ash
435,Bear
436,Blaze
437,Chance
438,Emmy
439,Fred
440,Hazel
441,Holly
442,Jackson
443,jazzy
444,Kitten
445,Mac
446,Madison
447,Neko
448,Nemo
449,Olive
450,Pearl
451,Penny
452,Rascal
453,Raven
454,Smudge
455,Snowball
456,Storm
457,Stormy
458,Stripe
459,sylvester
460,Tabitha
461,taz
462,tinkerbell
463,tommy
464,Xena
465,Alice
466,Amber
467,Annie
468,Ariel
469,Benny
470,Binx
471,BoBo
472,Buffy
473,Carmen
474,Cinnamon
475,cody
476,Domino
477,Ebony
478,Freddie
479,Frisky
480,Gidget
481,Gus
482,Isis
483,Jade
484,Jazz
485,Jezzabelle
486,Bella
487,Tigger
488,Chloe
489,Shadow
490,Luna
491,Oreo
492,Oliver
493,Kitty
494,Lucy
495,Molly
496,Jasper
497,Smokey
498,Gizmo
499,Simba
500,Tiger
501,Charlie
502,Angel
503,Jack
504,Lily
505,Peanut
506,Toby
507,Baby
508,Loki
509,Midnight
510,Milo
511,Princess
512,Sophie
513,Harley
514,Max
515,Missy
516,Rocky
517,Zoe
518,CoCo
519,Misty
520,Nala
521,Oscar
522,Pepper
523,Sasha
524,Buddy
525,Pumpkin
526,Kiki
527,mittens
528,bailey
529,Callie
530,Lucky
531,Patches
532,Simon
533,Garfield
534,George
535,Maggie
536,Sammy
537,Sebastian
538,Boots
539,Cali
540,Felix
541,Lilly
542,Phoebe
543,Sassy
544,tucker
545,bandit
546,Dexter
547,Fiona
548,Jake
549,Precious
550,Romeo
551,Snickers
552,Socks
553,Daisy
554,Gracie
555,Lola
556,Sadie
557,sox
558,Casper
559,Fluffy
560,Marley
561,minnie
562,Sweetie
563,Ziggy
564,Belle
565,Blackie
566,Chester
567,Frankie
568,Ginger
569,Muffin
570,Murphy
571,Rusty
572,Scooter
573,BatMan
574,boo
575,Cleo
576,Izzy
577,Jasmine
578,MIMI
579,SUGAR
580,cupcake
581,Dusty
582,Leo
583,Noodle
584,Panda
585,Peaches
586,Salem
587,Spike
588,Zeus
589,Zoey
590,Blue
591,Buster
592,Elvis
593,Magic
594,Monkey
595,Ollie
596,Sam
597,Samantha
598,Sheba
599,Snowy
600,Stella
601,Whiskers
602,Willow
603,Yuki
604,Bob
605,BooBoo
606,Butters
607,Cosmo
608,Cuddles
609,Eli
610,Ella
611,Emma
612,gypsy
613,Jax
614,Jinx
615,Joey
616,Junior
617,Louie
618,Mia
619,mocha
620,pinky
621,Riley
622,Sami
623,sissy
624,Sonny
625,Sunshine
626,Teddy
627,Thomas
628,Abby
629,Ash
630,Bear
631,Blaze
632,Chance
633,Emmy
634,Fred
635,Hazel
636,Holly
637,Jackson
638,jazzy
639,Kitten
640,Mac
641,Madison
642,Neko
643,Nemo
644,Olive
645,Pearl
646,Penny
647,Rascal
648,Raven
649,Smudge
650,Snowball
651,Storm
652,Stormy
653,Stripe
654,sylvester
655,Tabitha
656,taz
657,tinkerbell
658,tommy
659,Xena
660,Alice
661,Amber
662,Annie
663,Ariel
664,Benny
665,Binx
666,BoBo
667,Buffy
668,Carmen
669,Cinnamon
670,cody
671,Domino
672,Ebony
673,Freddie
674,Frisky
675,Gidget
676,Gus
677,Isis
678,Jade
679,Jazz
680,Jezzabelle
681,Bella
682,Tigger
683,Chloe
684,Shadow
685,Luna
686,Oreo
687,Oliver
688,Kitty
689,Lucy
690,Molly
691,Jasper
692,Smokey
693,Gizmo
694,Simba
695,Tiger
696,Charlie
697,Angel
698,Jack
699,Lily
700,Peanut
701,Toby
702,Baby
703,Loki
704,Midnight
705,Milo
706,Princess
707,Sophie
708,Harley
709,Max
710,Missy
711,Rocky
712,Zoe
713,CoCo
714,Misty
715,Nala
716,Oscar
717,Pepper
718,Sasha
719,Buddy
720,Pumpkin
721,Kiki
722,mittens
723,bailey
724,Callie
725,Lucky
726,Patches
727,Simon
728,Garfield
729,George
730,Maggie
731,Sammy
732,Sebastian
733,Boots
734,Cali
735,Felix
736,Lilly
737,Phoebe
738,Sassy
739,tucker
740,bandit
741,Dexter
742,Fiona
743,Jake
744,Precious
745,Romeo
746,Snickers
747,Socks
748,Daisy
749,Gracie
750,Lola
751,Sadie
752,sox
753,Casper
754,Fluffy
755,Marley
756,minnie
757,Sweetie
758,Ziggy
759,Belle
760,Blackie
761,Chester
762,Frankie
763,Ginger
764,Muffin
765,Murphy
766,Rusty
767,Scooter
768,BatMan
769,boo
770,Cleo
771,Izzy
772,Jasmine
773,MIMI
774,SUGAR
775,cupcake
776,Dusty
777,Leo
778,Noodle
779,Panda
780,Peaches
781,Salem
782,Spike
783,Zeus
784,Zoey
785,Blue
786,Buster
787,Elvis
788,Magic
789,Monkey
790,Ollie
791,Sam
792,Samantha
793,Sheba
794,Snowy
795,Stella
796,Whiskers
797,Willow
798,Yuki
799,Bob
800,BooBoo
801,Butters
802,Cosmo
803,Cuddles
804,Eli
805,Ella
806,Emma
807,gypsy
808,Jax
809,Jelly Bean
810,Jinx
811,Joey
812,Junior
813,Louie
814,Mia
815,Miss Kitty
816,mocha
817,pinky
818,Riley
819,Sami
820,sissy
821,Sonny
822,Sunshine
823,Teddy
824,Thomas
825,Abby
826,Ash
827,Bear
828,Blaze
829,Boo Boo
830,Chance
831,Emmy
832,Fred
833,Hazel
834,Holly
835,Jackson
836,jazzy
837,Kitten
838,Mac
839,Madison
840,Neko
841,Nemo
842,Olive
843,Pearl
844,Penny
845,Rascal
846,Raven
847,Smudge
848,Snowball
849,Storm
850,Stormy
851,Stripe
852,sylvester
853,Tabitha
854,taz
855,tinkerbell
856,tommy
857,Xena
858,Alice
859,Amber
860,Annie
861,Ariel
862,Baby Girl
863,baby kitty
864,Benny
865,Binx
866,BoBo
867,Buffy
868,Carmen
869,Cinnamon
870,cody
871,Domino
872,Ebony
873,Freddie
874,Frisky
875,Gidget
876,Gus
877,Isis
878,Jade
879,Jazz
880,Jezzabelle
